{
	"blocks": [
		{
			"type": "section",
			"text": {
				"type": "mrkdwn",
				"text": "Time to Schedule Your Windows 11 24H2 Upgrade"
			}
		},
		{
			"type": "section",
			"text": {
				"type": "mrkdwn",
				"text": "screen_1_message"
			}
		},
		{
			"type": "actions",
			"block_id": "scheduled_date",
			"elements": [
				{
					"type": "button",
					"action_id": "confirm_date",
					"text": {
						"type": "plain_text",
						"emoji": true,
						"text": "This week works for me"
					},
					"style": "primary",
					"value": "confirm_date-value"
				}
			]
		},
		{
			"type": "divider"
		},
		{
			"type": "section",
			"text": {
				"type": "mrkdwn",
				"text": "*Need a different time?*"
			}
		},
		{
			"type": "section",
			"block_id": "alternate_1",
			"text": {
				"type": "mrkdwn",
				"text": "alternate_1"
			},
			"accessory": {
				"type": "button",
				"action_id": "confirm_reschedule_1",
				"text": {
					"type": "plain_text",
					"emoji": true,
					"text": "Choose"
				},
				"value": "alternate_1-date"
			}
		},
		{
			"type": "section",
			"block_id": "alternate_2",
			"text": {
				"type": "mrkdwn",
				"text": "alternate_2"
			},
			"accessory": {
				"type": "button",
				"action_id": "confirm_reschedule_2",
				"text": {
					"type": "plain_text",
					"emoji": true,
					"text": "Choose"
				},
				"value": "alternate_2-date"
			}
		},
		{
			"type": "section",
			"block_id": "alternate_3",
			"text": {
				"type": "mrkdwn",
				"text": "alternate_3"
			},
			"accessory": {
				"type": "button",
				"action_id": "confirm_reschedule_3",
				"text": {
					"type": "plain_text",
					"emoji": true,
					"text": "Choose"
				},
				"value": "alternate_3-date"
			}
		}
	]
}