{
	"type": "modal",
	"submit": {
		"type": "plain_text",
		"text": "Confirm",
		"emoji": true
	},
	"private_metadata": "",
	"close": {
		"type": "plain_text",
		"text": "Go Back",
		"emoji": true
	},
	"title": {
		"type": "plain_text",
		"text": "Confirm Your Schedule",
		"emoji": true
	},
	"callback_id": "confirmation_view",
	"blocks": [
		{
			"type": "header",
			"text": {
				"type": "plain_text",
				"text": ":point_right: Please review your selection below."
			}
		},
		{
			"type": "divider"
		},
		{
			"type": "section",
			"block_id": "confirmation_message",
			"text": {
				"type": "mrkdwn",
				"text": "confirmation_message"
			}
		}
	]
}