{
	"title": {
		"type": "plain_text",
		"text": "My App",
		"emoji": true
	},
    "callback_id":"windows_update_modal_view",
	"submit": {
		"type": "plain_text",
		"text": "Submit",
		"emoji": true
	},
	"type": "modal",
	"close": {
		"type": "plain_text",
		"text": "Cancel",
		"emoji": true
	},
	"private_metadata": "private_metadata",
	"blocks": [
		{
			"type": "input",
            "block_id":"provided_emails",
			"element": {
				"type": "plain_text_input",
				"multiline": true,
				"action_id": "provided_emails-action"
			},
			"label": {
				"type": "plain_text",
				"text": "Please provide a list of emails separated by a comma",
				"emoji": true
			}
		},
		{
			"type": "input",
			"block_id": "tentative_schedule",
			"element": {
				"type": "plain_text_input",
				"action_id": "tentative_schedule-action"
			},
			"label": {
				"type": "plain_text",
				"text": "Tentative Schedule",
				"emoji": true
			}
		},
		{
			"type": "input",
			"block_id": "alternate_schedule_1",
			"element": {
				"type": "plain_text_input",
				"action_id": "alternate_schedule_1-action"
			},
			"label": {
				"type": "plain_text",
				"text": "Alternate Schedule 1",
				"emoji": true
			}
		},
		{
			"type": "input",
			"block_id": "alternate_schedule_2",
			"element": {
				"type": "plain_text_input",
				"action_id": "alternate_schedule_2-action"
			},
			"label": {
				"type": "plain_text",
				"text": "Alternate Schedule 2",
				"emoji": true
			}
		},
		{
			"type": "input",
			"block_id": "alternate_schedule_3",
			"element": {
				"type": "plain_text_input",
				"action_id": "alternate_schedule_3-action"
			},
			"label": {
				"type": "plain_text",
				"text": "Alternate Schedule 3",
				"emoji": true
			}
		}
	]
}